-- phpMyAdmin SQL Dump
-- version 4.9.2
-- https://www.phpmyadmin.net/
--
-- Host: 127.0.0.1
-- Generation Time: Jan 01, 2006 at 01:35 AM
-- Server version: 10.4.11-MariaDB
-- PHP Version: 7.4.1

SET SQL_MODE = "NO_AUTO_VALUE_ON_ZERO";
SET AUTOCOMMIT = 0;
START TRANSACTION;
SET time_zone = "+00:00";


/*!40101 SET @OLD_CHARACTER_SET_CLIENT=@@CHARACTER_SET_CLIENT */;
/*!40101 SET @OLD_CHARACTER_SET_RESULTS=@@CHARACTER_SET_RESULTS */;
/*!40101 SET @OLD_COLLATION_CONNECTION=@@COLLATION_CONNECTION */;
/*!40101 SET NAMES utf8mb4 */;

--
-- Database: `db_sppberlin`
--

-- --------------------------------------------------------

--
-- Table structure for table `kelas`
--

CREATE TABLE `kelas` (
  `id_kelas` int(11) NOT NULL,
  `nama_kelas` varchar(10) NOT NULL,
  `kompetensi_keahlian` varchar(50) NOT NULL
) ENGINE=InnoDB DEFAULT CHARSET=utf8mb4;

--
-- Dumping data for table `kelas`
--

INSERT INTO `kelas` (`id_kelas`, `nama_kelas`, `kompetensi_keahlian`) VALUES
(1, 'XII', 'REKAYASA PERANGKAT LUNAK'),
(2, 'XII', 'TEKNIK MESIN'),
(3, 'XII', 'AKUNTANSI'),
(4, 'XII', 'TEKNIK KENDARAAN RINGAN'),
(5, 'XII', 'TEKNIK SEPEDA MOTOR');

-- --------------------------------------------------------

--
-- Table structure for table `pembayaran`
--

CREATE TABLE `pembayaran` (
  `id_pembayaran` int(11) NOT NULL,
  `id_petugas` int(11) NOT NULL,
  `nisn` varchar(10) NOT NULL,
  `tgl_bayar` date NOT NULL,
  `bulan_dibayar` varchar(8) NOT NULL,
  `tahun_dibayar` varchar(4) NOT NULL,
  `id_spp` int(11) NOT NULL,
  `jumlah_bayar` int(11) NOT NULL
) ENGINE=InnoDB DEFAULT CHARSET=utf8mb4;

--
-- Dumping data for table `pembayaran`
--

INSERT INTO `pembayaran` (`id_pembayaran`, `id_petugas`, `nisn`, `tgl_bayar`, `bulan_dibayar`, `tahun_dibayar`, `id_spp`, `jumlah_bayar`) VALUES
(1, 1, '12345', '2021-03-02', 'Maret', '2021', 1, 100000),
(2, 2, '1234567', '2020-02-03', 'Februari', '2020', 2, 120000);

-- --------------------------------------------------------

--
-- Table structure for table `petugas`
--

CREATE TABLE `petugas` (
  `id_petugas` int(11) NOT NULL,
  `username` varchar(25) NOT NULL,
  `password` varchar(32) NOT NULL,
  `nama_petugas` varchar(35) NOT NULL,
  `level` enum('admin','petugas','','') NOT NULL
) ENGINE=InnoDB DEFAULT CHARSET=utf8mb4;

--
-- Dumping data for table `petugas`
--

INSERT INTO `petugas` (`id_petugas`, `username`, `password`, `nama_petugas`, `level`) VALUES
(2, 'petugas', '12345', 'bebey', 'petugas'),
(4, 'admin', '1234', 'berlin', 'admin');

-- --------------------------------------------------------

--
-- Table structure for table `siswa`
--

CREATE TABLE `siswa` (
  `nisn` char(10) NOT NULL,
  `nis` char(10) NOT NULL,
  `nama` varchar(35) NOT NULL,
  `id_kelas` int(11) NOT NULL,
  `alamat` text NOT NULL,
  `no_telp` varchar(13) NOT NULL,
  `id_spp` int(11) NOT NULL
) ENGINE=InnoDB DEFAULT CHARSET=utf8mb4;

--
-- Dumping data for table `siswa`
--

INSERT INTO `siswa` (`nisn`, `nis`, `nama`, `id_kelas`, `alamat`, `no_telp`, `id_spp`) VALUES
('1098833', '28767633', 'SELVI', 10, 'Cililin', '08954444444', 2),
('1223444', '123433', 'SANDI', 7, 'Lagadar', '0897675653', 2),
('12345', '1234', 'LALA', 1, 'Cimahi Utara', '089765433', 1),
('1234678', '12345', 'LILI', 2, 'Batujajar', '087645211', 2),
('12354657', '23456', 'BAYU', 4, 'Padalarang', '0865421343', 1),
('1239765', '2772', 'GERI', 5, 'Cimareme', '0890764343', 2),
('125678', '1234567', 'LOLI', 3, 'Galanggang', '089753411`', 1),
('1323445', '12233', 'LISA', 6, 'Margaasih', '089966633', 3),
('134556', '544322', 'SELA', 8, 'cangkorah', '097876533', 2),
('143444', '12454555', 'GILANG', 9, 'Kota Baru', '087636333', 2);

-- --------------------------------------------------------

--
-- Table structure for table `spp`
--

CREATE TABLE `spp` (
  `id_spp` int(11) NOT NULL,
  `tahun` int(11) NOT NULL,
  `nominal` int(11) NOT NULL
) ENGINE=InnoDB DEFAULT CHARSET=utf8mb4;

--
-- Dumping data for table `spp`
--

INSERT INTO `spp` (`id_spp`, `tahun`, `nominal`) VALUES
(1, 2021, 120000),
(2, 2020, 100000);

--
-- Indexes for dumped tables
--

--
-- Indexes for table `kelas`
--
ALTER TABLE `kelas`
  ADD PRIMARY KEY (`id_kelas`);

--
-- Indexes for table `pembayaran`
--
ALTER TABLE `pembayaran`
  ADD PRIMARY KEY (`id_pembayaran`),
  ADD KEY `id_petugas` (`id_petugas`),
  ADD KEY `id_spp` (`id_spp`,`jumlah_bayar`);

--
-- Indexes for table `petugas`
--
ALTER TABLE `petugas`
  ADD PRIMARY KEY (`id_petugas`);

--
-- Indexes for table `siswa`
--
ALTER TABLE `siswa`
  ADD PRIMARY KEY (`nisn`),
  ADD KEY `id_kelas` (`id_kelas`),
  ADD KEY `id_spp` (`id_spp`);

--
-- Indexes for table `spp`
--
ALTER TABLE `spp`
  ADD PRIMARY KEY (`id_spp`);
COMMIT;

/*!40101 SET CHARACTER_SET_CLIENT=@OLD_CHARACTER_SET_CLIENT */;
/*!40101 SET CHARACTER_SET_RESULTS=@OLD_CHARACTER_SET_RESULTS */;
/*!40101 SET COLLATION_CONNECTION=@OLD_COLLATION_CONNECTION */;
